人名,x坐标,y坐标
一灯大师,0.04949009354542046,0.019582950796810546
丁不三,0.020589239298954193,0.0016820465254986639
丁不四,0.030181609266735035,0.007391186073722218
丁典,-0.03547234728074372,-0.0023017244764314015
丁同,-0.019015182879280442,0.020014838471277756
丁大全,0.025824826922173718,0.01842742772809978
丁敏君,-0.0082251867489225,-0.02676528354104604
丁春秋,0.00570784024723274,-0.030291437978061848
丁游,-0.043968517702896656,-0.012666146103195827
丁老怪,-0.020229698320138833,0.008152756959253004
万圭,0.011785866613902768,-0.05278232520668531
万庆澜,-0.0014405026347452034,0.020015825986934754
万里风,0.017344009793771698,-0.025900400218770304
万震山,0.015527923353499173,-0.012092585098365726
上官,0.039772371319589175,-0.015490901747529031
上官云,-0.01814241496609698,-0.03367342670066605
上官毅山,-0.0668276447917007,-0.008667467829637437
上官虹,-0.014788744568010347,0.03481237176552098
上官铁生,0.005201800770566235,-0.02651865666702745
不平道人,-0.032977362205956595,0.02581315133909742
不戒和尚,-0.00555938804129203,0.036335537253937164
丑脸汉子,0.0006620243615191643,-0.008767742100523232
严三星,0.016892716994374234,0.005781366240642157
严妈妈,0.007774653448667503,-0.008723586948716054
丧门鬼,-0.024460416620962593,0.05119923297978677
中年武师,0.006847720163079368,-0.02758691083915963
乌旺阿普,0.02589699931852108,-0.01468247264730027
乌老大,-0.05766072106057075,0.023953048946199696
乐厚,-0.023574937745227932,-0.00609041873766328
乔寨主,0.048385603674672664,0.013036766582116513
乔峰,-0.013897298584488451,0.024562977005837795
乔帮主,0.039907813296239,0.04175786647689458
乔福,0.012104970594966066,0.008799605221717332
九难,-0.06105765496352807,0.003412067985913582
乾隆皇帝,0.027383533542670733,0.011356247395190384
于万亭,0.015471507504873002,-0.019426461545958312
于人豪,0.025099823965257513,-0.018766830658491437
于嫂,-0.0033896088016444666,0.005909706888790694
于管家,0.002328938874329767,0.07032863987791711
云中鹤,-0.008282772165717723,0.005107412174080966
云鹤,0.004086191915898006,0.001479898780188063
五姑,-0.03780366152958503,0.024891978770477243
五毒教,0.007496524306377029,0.010354675198791144
人厨子,-0.007916418864441973,-0.029236886017329464
令狐冲,-0.04160701519810385,0.03262810000664854
仪清,-0.01233209853090215,0.003650289486443236
仪琳,0.0003905709920771664,0.025612527193050887
任我行,0.01886555234595063,0.01997243878632403
任通武,0.007930727578997383,-0.018527239112696894
任飞燕,0.014751978926916256,-0.048777977440824405
传功长老,-0.00010970588492922547,0.0007606862776104132
何太冲,-0.015469396594326263,-0.060941747646669805
何思豪,-0.042787054898396654,0.027008025532480877
何惕守,0.01724894173350912,0.06761576862265574
何红药,-0.021768959645784375,-0.05032841010105492
何足道,0.01471038234070182,-0.07256565483972942
何铁手,0.024283963970256908,0.007121612578100084
余人彦,-0.021437170243813322,0.0066415356969443
余兆兴,-0.01161519396421345,-0.01153140807408191
余婆婆,0.024654482575520185,-0.03848157873073208
余沧海,0.022256963801504222,-0.009291049086767303
余鱼同,-0.00564813984478103,-0.00355074495165903
佟国纲,-0.06012523948702175,0.021781020489671798
侍剑,-0.02123407623975623,0.05386785454570251
侯通海,-0.067402168705741,0.001316648087816413
侯飞文,0.0286502328326075,-0.013082252840528955
俏鬼,-0.009402105863759268,-0.03488147894093042
俞三侠,-0.04467004239815332,0.003445699349288037
俞岱岩,0.0280293573854058,0.03611553144696204
俞朝奉,0.04346662451662757,0.05723478919040922
倪不大,0.00013353459960180192,-0.003960455626846206
倪不小,0.038044495155861315,-0.01972963006150408
倪浩,-0.02147521420512322,-0.022549305147661833
傅思归,-0.012383596011655167,-0.0521489162939341
傻姑,0.01673948319827163,0.019342522249701854
元义方,-0.003631463950778743,0.03613797242722277
元伤,0.036148743837626375,0.01203640663858876
元广波,0.011744802457335493,0.018672798162716917
元悲,0.0010808117971180119,-0.04361891937211359
元澄道人,0.013865997862933466,-0.011810348530472898
元痛,-0.004734480412973484,0.01254817299636839
兆惠,0.042319798416209344,0.053112533317994294
全冠清,-0.021643281338303077,-0.021287554743240854
全金发,-0.06009774577309419,-0.040896640519759005
公冶乾,-0.004683037490306066,0.01873064269803523
公孙止,0.04050957317234493,-0.06375646044659367
公孙绿萼,0.023952883853688888,0.014981533178763067
公孙谷主,-0.023588689177290297,-0.020124242064110523
兰剑,0.001604805921639104,0.00824641605555843
关安基,0.0184906365200019,0.03073713833265375
关明梅,0.004724907545663777,-0.02838075462525162
农夫,0.058768845552802824,-0.0025485373195932677
农妇,0.02116709956086549,-0.012790865789186106
冯不摧,-0.029225589521504725,0.02970949953767519
冯不破,-0.013752887367067139,0.017418566971941385
冯同知,-0.012979963728148807,0.021308911174788767
冯坦,-0.0017489851525782556,-0.01757513870821263
冯振武,-0.01675004629234954,0.013388933791688385
冯辉,-0.02370342321516866,-0.037474428457218364
冯锡范,-0.03364352762205612,0.0028564055807524377
冯阿三,-0.03018769265513158,-0.04342616003406396
冯难敌,0.026916615672233593,-0.007952343422430674
冯默风,-0.04263011684385823,0.015356786493601565
冲虚,0.019044422668851313,0.004424144334169451
冷谦,0.01042182537146554,0.019083092594330858
净济,-0.019629660312507815,-0.017315106936564125
净清,0.04582579196675705,-0.006238877847643863
凌退思,-0.015540940044521319,-0.07843835611646445
凤一鸣,0.02448607937503814,-0.04053919434770595
凤七,-0.027204148965262586,0.0504112371100703
凯别兴,0.03455972265993271,0.0015722061259264288
出尘子,0.07335627292278969,0.03368350240320493
刀白凤,-0.037010623684094836,0.0052590144653839625
刘一舟,0.010910153653757335,0.025954545071172876
刘之余,-0.014380992638617146,-0.06514281608313337
刘乘风,0.0002933358208036846,0.03773005189379806
刘元鹤,0.016790452741294922,0.01967143924644837
刘培生,-0.011147148213955517,0.009003606050423394
刘处玄,-0.034197222614945344,0.00346845080410012
刘宗敏,0.04140561218498844,0.03496264479432849
刘正风,-0.013546195255379354,0.024614291281287847
刘竹庄,0.009451175402244341,0.05122279394327127
刘芳亮,0.003569885095018762,0.01501117392458448
刘芹,0.0420793589734688,0.02667356490733082
刘鹤真,-0.018078082179363554,0.008910248690648251
努儿海,-0.018278313433091564,0.030644066599082503
劳德诺,0.05032992016553026,0.050569351006647174
包不同,0.030552162781118053,-0.03404916019212946
包惜弱,0.013304256227338955,-0.01921594850035263
华伯斯基,0.01219994039713923,0.008241187417218023
华筝,-0.013369210264310075,0.029635568953899197
华赫艮,0.05217639001110898,-0.018674167199142232
卓不凡,-0.008669982421121438,0.030220551120686598
卓天雄,0.00148780712048958,-0.0036694456711819576
单伯山,0.022570204111457957,-0.02403620246510558
单季山,0.040176412364858964,-0.009797490633413002
单小山,0.04896368543566686,-0.015091803952139132
单正,0.029158258141557848,0.039653750994421304
单铁生,-0.05060214899679966,0.017296603391189293
南仁通,0.004976391061865046,0.05076580779360182
南兰,-0.019763842530148082,-0.03317390956360926
南希仁,-0.0013132423808831443,0.02632294811579676
南怀仁,0.023389455105766208,-0.025453178597850956
博尔忽,0.009336683893943301,0.02023426829657297
博尔术,0.030960871882233367,0.010959290587501759
卜垣,0.008857002776570871,-0.0380511182805026
卜沉,0.0021259320959084727,0.006213953731508242
卢一峰,-0.0013346097027225597,0.04343667531916119
卫四娘,0.010679508854569676,-0.005858918812056335
卫天望,0.015372720402240846,0.013215256269633505
卫春华,-0.024523784478774256,0.029632658868576314
卫璧,-0.037730510652691215,0.00778578930318631
双儿,0.01789978586185283,-0.0479455035379287
古笃诚,-0.03571338287425451,0.021374283085764747
史仲俊,0.03245483917933027,0.0500238869429377
史仲猛,-0.014715501345120334,0.02729400360971115
史伯威,-0.04913539585155091,-0.01922851404287508
史叔刚,0.037796100419116026,0.011687442723976892
史季强,0.004217142375255034,-0.021082080274879338
史小翠,-0.024921977561639958,0.007616655486218499
史松,-0.06083477058373242,-0.015081791438988384
史火龙,-0.009200529189470712,0.017682098011610865
史登达,-0.04619736782214409,0.03424100656537132
史秉光,0.013874367851576452,-0.013297277058807835
史红石,0.060027736389752465,-0.038452052446286696
史镖头,-0.03531464017596157,0.0308869167197938
叶二娘,0.0007361286005941489,0.001978753449327562
司徒伯雷,0.05327752058136981,-0.01900640378437677
司徒千钟,-0.010207389206612775,-0.022880069000708023
司徒横,0.0027344667217110985,0.002690331866841204
司徒雷,-0.01622289717429654,-0.03158071346477984
司徒鹤,0.09506635310188999,0.06111009372942252
司空玄,0.04095565189761244,0.03381396030384688
司马大,0.009581074995882729,0.028829198084061303
司马林,0.001388196152990819,-0.003313574490629409
吊死鬼,-0.0165732273966618,0.031103303082868693
国师,-0.02182577244251213,0.039056720105944305
向大年,-0.037074998061751116,0.05392898493467625
向问天,0.016600639298313333,0.0036227366372974957
吕小妹,-0.0146734243425391,0.0188130355097949
吕文德,0.0381755052157545,-0.010125985971720085
吕正平,-0.01613691418225933,-0.020723822025828075
吕留良,0.02902248026484665,-0.0009609199246707957
吕通,0.04312704063926419,-0.00458588861004583
吴三桂,0.014748139956026737,0.025973280580216106
吴之荣,0.0036970274839212875,0.07207699239672917
吴光胜,-0.007885319028126796,-0.010234492880875795
吴六奇,-0.04715833587682638,0.005118011121711476
吴劲草,-0.0030164954961107754,-0.002641755281563626
吴国栋,-0.021035933546155832,-0.014555042640364137
吴坎,-0.047955429522490975,0.028136043049563977
吴大鹏,-0.013875354445322589,-0.024941883176386185
吴天德,0.0021420063999298524,-0.022451542857166214
吴平,-0.0016008923200881238,0.04125994335682184
吴应熊,-0.013748871876677794,-0.0032695410203784623
吴立身,-0.0818391943664916,0.04629817596664852
吴良,0.019742359833312736,-0.00047332160209796666
吴道通,0.01712430576549563,0.009750850999955091
吴长风,0.013402513186449498,0.024374998942795524
吴青烈,-0.07142538071211552,0.002742183149354865
吴领军,-0.05837920522447827,-0.011089784328630288
周云阳,0.11227387475718968,-0.04878922965879911
周仲英,-0.006444960711345732,0.005162732341828165
周伯通,0.016986506123216474,-0.010296758702264661
周圻,-0.036467888628817724,0.04233312528930445
周大奶奶,0.02707573740262749,-0.011314199029398824
周威信,-0.021072040133650466,-0.026813703812849907
周掌门,0.02337433900662546,0.0046762167146919605
周牧,0.04973523642998241,-0.02030743413579512
周芷若,-0.02494047274830238,-0.029472504187559888
周英杰,0.0357119776432351,0.06020551381590814
周阿三,-0.015757723782950712,-0.01818826124931726
周隆,0.015912052914480716,-0.020415921582817242
周颠,0.007057500291843257,0.037251603563060225
呼巴音,0.05721810833042327,-0.03327270446458562
呼延万善,-0.005393679214848434,-0.03321183202403101
呼音克,0.0015880966242905565,-0.022504025038626196
和尔大,0.0870264408833252,0.019777987840754453
哈合台,0.057044299624584106,0.020440117581433458
哈大霸,-0.029709480040087995,-0.0054131457030146555
哈总管,0.008700274856004253,-0.021990089823919843
哑婆婆,-0.006697905083462776,0.009695067774134473
哑巴,-0.023809144734245075,-0.007513916759728589
哑梢公,0.019896973476020048,0.052975741265587656
哲罗星,0.05368689153578182,0.021982001645368437
唐光雄,0.027774251101603007,-0.01131391732895838
唐六爷,-0.03830905142864203,0.035525557279215574
唐文亮,0.007586725467532056,0.007052797332946696
唐洋,-0.027926456012451722,0.06299592460900766
商宝震,-0.017620377576718943,-0.008771890599104739
商老太,-0.00014869665297468273,0.009705799825821565
喀丝丽,-0.03327891608650792,-0.044179399386571686
图尔布青,0.022563698859782447,0.004110288140275025
圆业,0.0009463736936452216,0.0009010210354676752
圆心,0.03567541112626923,0.019683634957368842
圆音,-0.02973338499827655,0.046996327014928556
圣因师太,-0.010548734167521712,-0.002114371951251595
圣姑,0.0029088522639319258,-0.020570124878014705
夏国相,-0.002395608843103856,-0.004350631328359409
夏胄,0.01294692588968175,0.0015576873346070073
夏雪宜,0.00887449829615785,0.011469741668918804
多尔衮,-0.022577617337693413,0.008438588656619995
多隆,0.0061009124315154865,0.016006506010180162
大头鬼,0.03770970651424,-0.010707109356457765
大悲老人,-0.018152386142930754,-0.020390335207152867
大智禅师,-0.017692621325108893,0.009523828658161503
大痴,-0.010731495531845724,-0.02198813552939399
大癫,-0.014201650433884066,0.034970029866325573
大苦,0.02049969450663954,0.001011791209790712
天乙道人,0.022912458261304388,-0.017216505365061318
天山童姥,0.02204075036135591,0.012146200966793367
天松道人,-0.023338151879072927,-0.04224063954092812
天狼子,-0.00831689931289486,-0.0514497683457576
天竺僧,-0.01913075801471258,0.002456665911971828
天竺僧人,0.019452722932713735,0.04116229783068008
天虚,-0.0034398233723345393,-0.007526764622288067
天虹禅师,0.033138154113952344,-0.045436072036643946
天镜,-0.021243358065452814,-0.008832649617379607
天门道人,-0.0030402236468915957,-0.021827134832139262
太皇太后,0.022828144289521134,-0.01962894108587982
奚长老,0.006522530367883855,-0.0021516645042310165
妙风使,-0.0054908642467140075,-0.0362812693522133
姑姑,0.07013963405697896,0.016121366553399928
姚伯当,-0.012679023230908254,-0.003326023535672551
姚春,0.024347523785207024,0.04930200938542912
姚清泉,-0.0025573793000534984,-0.021807821896088767
姜铁山,0.006466798907318325,-0.0030255028089124763
姥姥,0.0003640395062629944,-0.013810825993307612
姬晓峰,0.02683057842040934,0.01646746136105365
孙三毁,-0.006438985391586404,-0.004713935416461382
孙不二,-0.009840051968830562,0.042420290685333796
孙仲寿,0.007529138629985052,0.01838919817854695
孙伏虎,-0.02846897378137148,0.0037166763812888247
孙克通,0.048079560451880325,0.0072028118512388484
孙刚峰,-0.03322240593743685,0.03452831839857118
孙均,-0.0389330970572699,-0.042609868906617436
孙大善,-0.02622101089893256,-0.029215458525863748
孙婆婆,-0.00396588678270178,0.033537983569697775
孙思克,-0.03013214298904025,0.006592884678848509
孙老三,-0.06117646694932987,0.016619067812334506
孟伯飞,0.004048190453739629,-0.012813539945265068
孟健雄,0.027745975142242717,0.04390351343728653
孟正鸿,0.009662931509587764,-0.014326509111303763
孟铮,0.02758899465344596,-0.0030301574791203236
孟铸,0.019225592805443156,0.04287947758975417
季长老,0.012979830927650714,0.026849344838101617
宁女侠,-0.022188892047292075,0.0441805800279082
宁完我,0.05706277017101385,-0.029863678256084863
安健刚,-0.09325522198716378,-0.008325725543758251
安剑清,0.056781679644811796,-0.03158738664228621
安大娘,-0.02268113008184249,0.013251604176642775
安奉日,-0.005152930011176701,0.02012583493869499
安小慧,-0.009680891468410642,-0.001578583274780117
安提督,-0.005764754322747231,0.009379612280724627
宋五,0.03726067829244239,-0.00766574094215377
宋善朋,-0.02856283993858076,0.009397671823630624
宋大侠,0.01815194648001358,-0.05840538832467139
宋天保,0.035528569616313614,0.03862548700200988
宋德方,0.0061582285010812615,0.024557112937099647
宋献策,0.09287257379887748,-0.005317382276466961
宋远桥,-0.019970736954645744,0.007726620168667207
宋长老,0.023366424846978578,-0.026832575498120757
宋青书,0.035734151774967686,-0.010077098944892516
完颜洪烈,0.00038179056073827175,-0.0430222231035463
完颜洪熙,-0.0030226246058878362,0.03579015533574082
完颜萍,-0.019444972218012446,0.026375726369245327
宗维侠,-0.008561603264203304,0.010180880284307891
宗赞王子,-0.06512689831667193,0.02895877924100473
宗雄,-0.013867046382239599,-0.007176510302881734
宝树,-0.02592159844517817,-0.045793688524265436
宝象,-0.04168848237761217,0.009959970434723762
室里,0.03836375079722425,-0.042541948932076815
宫九佳,-0.00873752398238834,-0.06728196696260363
容子矩,0.013093895038061286,0.013506867593126172
察合台,-0.03710337407698224,-0.006637887016043129
察尔珠,-0.022523552528996474,-0.017368029189999887
寿南山,-0.045765086400320294,0.020218587435973122
封万里,0.07586469922693245,0.020785693380680603
封坛主,-0.008978800341866959,0.017361215959559213
尉迟连,0.030698613209429768,0.0209976244541077
小凤,0.05023626005556431,-0.04668935883427099
小宝,-0.015518213981656153,0.021043732182496565
小昭,-0.00800056381727942,-0.01692556322896715
小桂子,-0.028421611443358145,-0.06478872218840968
小棒头,0.007643207403527014,-0.017521255819194885
小玄子,-0.01840525712242644,-0.004610708334042443
小王将军,-0.003692431156985087,-0.030750955718877922
小王爷,0.040678643483095425,-0.017516968800898623
小翠,0.033854152620650245,0.0031701367010223826
小菊,-0.039930561592226924,0.09612920119330326
小阿紫,-0.02980547550947734,-0.010658629851425355
小龙女,0.03901716543170163,0.017025250870666378
尤得胜,-0.008038004347786242,0.0015044120703503556
尹克西,-0.01310712854404625,-0.004146190459034589
尹志平,0.028999883602106126,-0.0016464263214165916
尹章垓,-0.018739480946641213,-0.06565324758963094
尼摩星,0.022677160682383346,-0.015080737128383448
展飞,0.038630004261540916,-0.02390251369554808
岑其斯,0.005449361868384471,0.006234009320584271
岳不群,-0.04454178096364209,0.0095100921511727
岳先生,0.0356595111856245,0.0352051492760755
岳姑娘,0.0200573638232515,-0.011110124076904154
岳灵珊,-0.006245706871905784,-0.027542930549444088
岳老三,0.037344834731763775,-0.002158497933729661
崔希敏,-0.05194788403620786,-0.01987656107056591
崔志方,0.03030036650067657,-0.01570153178097708
崔百泉,-0.028154961391480545,-0.04503403209245642
崔瞎子,-0.03237580550904964,-0.05280325294728875
崔秋山,0.020228735727255334,-0.024926600200461026
崔绿华,0.015105097495606101,0.0004752345459886134
左冷禅,-0.018081554323347123,0.0050860708494986214
左子穆,0.0012330841818931672,-0.03423276610119754
巴天石,-0.02017747124387737,0.0024789999539886537
巴泰,-0.02257759706614419,-0.016673563521634738
常伯志,-0.017944369119075848,0.0048095062839505895
常敬之,0.0055008551568760874,0.03255815551270582
常赫志,-0.010947456927528599,-0.007476246635991755
常遇春,-0.023027062378376904,0.01010047121454144
常金鹏,-0.018999994742292383,0.04466189639920173
常长风,0.05967123373265471,0.0391053287157396
平一指,-0.03169406245564061,-0.012002278550008353
平四,-0.059724039624633025,-0.03699856109057802
平威,-0.009021335797057698,-0.009355963361017865
平婆婆,-0.0007044775097430884,0.007100189228805734
平旺先,0.006087926889513789,0.06844389448563959
平阿四,-0.02120545205515764,-0.023467050342590997
幽草,-0.01492092035454284,-0.0004031510496331328
庄允城,-0.01914072841046256,-0.03540660752491915
庄夫人,-0.05401808795718975,0.02072144913946793
庄帮主,0.039596431982108306,-0.00425941253296383
庄铮,-0.012283932150927693,0.012684078214691969
应松,0.010243265355345794,0.007865373837384912
康广陵,0.010305913071008546,-0.03791965682347618
廖自砺,0.010823474334131864,0.0297624278386361
建宁公主,-0.03251969003936068,-0.000595081556073426
张一氓,-0.052704636723494715,-0.01472411976345598
张三,-0.023115591744923163,0.007282181386508059
张三丰,0.04312700448302079,-0.05256615435076906
张九,0.03092275114993975,-0.02374938760948499
张五侠,0.03561448653058267,0.001572027350131045
张信,0.0076512732323778905,0.037948828457882076
张全祥,-0.016415978897880306,0.00964442372300146
张勇,-0.000641283319436485,0.01520060423204991
张十五,-0.007512407482774187,-0.009883967812996918
张召重,-0.0334707298799336,0.013102258131750087
张君宝,-0.007271395261476185,0.030875673544178053
张四侠,-0.038864969661166086,-0.015030285095668637
张夫人,-0.014448654076322296,-0.05801089900873297
张妈,0.03507130120210875,0.022041403490602036
张安官,0.055536386276382924,-0.007114986299870335
张康,-0.04031837001350466,-0.022308644420292185
张康年,-0.0030862099592292736,-0.04860913518303743
张志光,-0.019806494071109255,0.04147702347019357
张无忌,-0.029588630594619234,0.03227218983397485
张春九,-0.03455384578875311,-0.00042068728431385457
张朝唐,-0.05593101895730787,-0.02761028388874125
张松溪,0.0011041906630829708,0.04813550783384745
张淡月,-0.038436360489361526,0.0031686790863182596
张真人,-0.03358036346814539,0.012975436179770837
张翠山,0.0196183742133477,-0.018139375123110302
张若谷,-0.012442667225300687,0.09009797883250366
张阿生,0.005449468916832959,0.017897107911281882
张飞雄,-0.03868799751412585,0.03879559150973442
归二娘,0.012385216888297674,0.00033004055526853144
归辛树,-0.008201083201878014,-0.004229972811783264
归钟,-0.044837128198968436,0.015856681937494555
彭三春,0.001262478539114955,0.05023190340061272
彭参将,-0.07774244074121112,-0.02166753269254968
彭莹玉,-0.03801744628230416,0.011067114115342487
彭连虎,0.00709987120344923,0.011821971181200014
彭长老,0.03507455540365002,-0.05060768101815292
彼得,-0.016575020664878853,-0.008239973952699726
徐天宏,0.004826495615229902,0.016567727518622906
徐天川,0.01968105980166519,0.0542244153779053
徐达,0.03368458919943428,-0.05620679259257326
徐铮,0.0033471122652507916,0.028384787690899273
徐长老,-0.01702863368885743,0.015419323320056197
德布,-0.0013740993504132713,0.006233299165911866
德成,-0.041244229494576304,0.02483529566407267
德鄂,0.025564213104346548,0.056509088906529566
心溪,-0.05021820255664744,0.014280581231359566
心砚,0.0038909966437628103,0.026919157355749335
忽伦大虎,0.03385541607172015,-0.042668162497481905
忽必烈,0.033454266389644986,0.04171690374725305
忽都虎,0.008049174092967354,0.015945406606038555
恶贼,-0.040089448493959734,-0.029023283635354793
慕天颜,0.011817268955737306,-0.0012948256598788364
慕容公子,-0.0011237562850016246,-0.035365469136180445
慕容博,0.0368555746056332,0.030263167327611744
慕容复,0.0512771181200348,0.0021836411798539066
慕容景岳,-0.011753428138075417,-0.04721834281576302
慕容先生,0.03460216527805803,0.014976085461338285
慧净,0.020998831601467663,0.03454164619493444
慧方,0.027304106796583474,0.014141414099872112
慧真,-0.009323598234914235,0.07326069549235954
慧观,0.03225298777719825,-0.002908764850138376
成吉思汗,-0.022504597098119816,0.014880550192867973
成昆,0.036198112342774334,0.060562872040750705
成璜,-0.049568406400102114,0.00763502792611248
成自学,-0.03195509982197927,0.006034862397708009
戚芳,0.017739382482970325,-0.010035415331309559
戚长发,0.03706717334375581,-0.017754101411387373
戴永明,0.00937113504659997,0.03166204198953614
执法长老,0.0009540335738198061,-0.017586995920118902
拖雷,0.024471477355506303,-0.010128876235966467
掌棒龙头,-0.025637686936228622,-0.004685700582279759
掌钵龙头,-0.061759147610934546,0.02388881882315134
摘星子,-0.03544317660095953,0.03133111422761113
摩诃巴思,-0.03222978633509101,-0.006662068378501246
敏妹,-0.04459085077035039,-0.02710435274850134
敖彪,0.022829680295278133,0.025485042656872472
教士,-0.029577031499253198,0.010391621125138528
教长,0.023332171365309115,0.0065128907221805084
文泰来,0.006135443448880292,0.029344746575643288
文醉翁,-0.0314742592427541,-0.014033385914310153
方东白,0.027595960008713602,0.037379182586572746
方大洪,0.01649747822727455,-0.02489041582638111
方天劳,-0.0056572279782931365,-0.02341600500028469
方怡,-0.008581386736339295,-0.012401109403236802
方有德,0.004106186135350394,-0.004138046476182954
施令威,-0.033923232087621734,-0.017852304922711705
施戴子,-0.05969715811426932,-0.04510841815146477
施琅,0.01809024292126054,0.032147135168906965
无尘道人,-0.05124612281206268,-0.01603467689800631
无尘道长,-0.028395268196022908,0.013063623036156881
无崖子,-0.016253019241009713,-0.01568936426468852
无常鬼,0.0008983712071360327,0.014300224131933636
无根道人,-0.0356315752633532,0.004091542587734221
无相禅师,0.03255558379363071,-0.049511262510636034
无色,0.05543267009644626,-0.009971714053095493
无青子,-0.03379349161628945,-0.0013914553410247696
昌齐,0.019235523945309176,0.005326551141732475
明月,0.03844851379489862,-0.039606593050849404
明珠,0.029324010431952093,-0.020932828821409667
易三娘,-0.0424073904633813,0.00025464953094946524
易国梓,-0.030732745906278416,0.0015820829375117185
易大彪,0.06267909691715196,-0.02640124524156548
易师爷,0.02339260936041239,-0.04409878563154105
晦聪禅师,-0.0026787112195261974,-0.01838547326164809
晴画,0.008812978601226765,0.041755994470684336
智光大师,0.020322777734002876,0.06831708713215608
曲三,0.009411072513718399,-0.02284835099995783
曲洋,0.0628498381516146,0.010068775621286349
曲非烟,-0.010957827665781305,-0.05951550857884619
曹云奇,0.04516913916600979,-0.01919340750585046
曹化淳,-0.00789277527421305,0.02074542948174948
曹司朋,0.03950252136244816,0.013028129166376455
曹能,0.028249563204378218,0.016037585677509732
曾图南,-0.0008509844967499146,-0.017863758904903514
曾少侠,0.02467054851717792,-0.03323670960235979
曾柔,-0.046640086136917176,0.01520073217733772
曾铁鸥,-0.009182780260993006,-0.05543128003079999
木卓伦,-0.018266559891982514,0.030910674596819974
木婉清,-0.0054892720151644816,0.012036911706716476
木岛主,0.042106756090747766,0.01567047074814896
木文察,0.02154767187179658,0.01365819067993904
木桑道长,-0.02316256852322883,0.014511745758082421
木高峰,-0.04061077517813715,-0.006558572599841248
本参,0.019258931256142746,0.007108242325137199
本因,-0.00048796152820875524,-0.031741452887348455
本相,0.015080412320145214,0.036233848559236
本观,0.03002901327782248,-0.005077452147088873
札木合,-0.002186076933665104,-0.004141112776644426
术赤,-0.029041587040555133,-0.002550611014346414
朱丹臣,0.010713093636785598,0.04126987275801999
朱九真,-0.0009277669737515442,0.004491110100959094
朱元璋,0.015646938446231645,-0.02854606194945842
朱子柳,0.01470711858373298,0.02314099694845549
朱安国,0.012557068444402504,-0.06546678269749388
朱祖荫,-0.007813129255020224,-0.01969545765351178
朱聪,0.02387579824140958,0.026140054511675576
朱长龄,0.005096259689800209,0.03011362586346643
朴者和尚,-0.016349510407761326,-0.022012736749563944
李三,-0.01377311074352581,0.012383578403026287
李傀儡,-0.01407146539842584,-4.742390842859675e-05
李力世,0.021681596696924404,0.002391932973841468
李可秀,0.0053729829978855816,-0.034900810640381245
李四,-0.08273071056572492,-0.016107891279198837
李四摧,-0.013234709855667893,-0.013206659503545614
李岩,-0.017610058067005108,0.048726389377553414
李廷豹,-0.0022968908531887933,0.027677743885459412
李志常,-0.017019552014299662,-0.02788874827852342
李文秀,0.008438343526477076,-0.0245690233439227
李春来,-0.011081517258251768,-0.005814877659454585
李沅芷,0.02691360560263936,0.0007882547082520182
李秋水,0.03302640874010319,-0.004535612692224201
李自成,9.472169888971401e-05,-0.005935464862302184
李莫愁,-0.008135715737418048,-0.011345660553976167
李萍,0.00632974656909087,-0.0330504072576784
李西华,0.02281356425751586,0.005707570643762407
杜希孟,-0.016912017680598666,0.07581309136361435
杜百当,0.039437993197817905,0.019132047042262377
来福儿,-0.034052458010626646,-0.03587474815979815
杨不悔,-0.0070976406865234844,0.0070758710279765534
杨光,0.014885427255606485,-0.019691357479264822
杨夫人,-0.028593819032258123,0.04568129346265745
杨宾,0.03911175649469144,0.03269738119048807
杨左使,0.011894282964771307,0.0332346119101437
杨康,-0.02014516403247404,-0.00226808734428783
杨成协,-0.015575752591423225,-0.025435372169119102
杨景亭,-0.036748976792775806,-0.010914730892650921
杨溢之,-0.04575299214775649,-0.01681543697566979
杨莲亭,0.011736699317401962,-0.008315186570907641
杨过,0.011946118096699076,-0.03458246502457021
杨铁心,0.02071446934612041,-0.04755690245952566
杨鹏举,0.002847088818332943,-0.022939783782738966
林兴珠,-0.005845267967059451,0.02129217419342457
林平之,-0.0159388815496223,0.011372196899262338
林朝英,-0.017921581546621327,0.08185727363517788
林永超,-0.00956612813727988,0.0016324862851612649
林玉龙,0.030923634997882248,-0.0358377325825628
林远图,0.012715111130896217,0.034804988566921845
林震南,0.01988663315911075,0.010867440490536267
枯木,0.01432238743967281,0.010030598926309883
柔儿,0.022607653634204226,0.01145791953385379
柯万钧,0.005191663563308412,-0.052691706743738305
柯大侠,-0.0039673378982623755,0.012506859075848375
柯镇恶,0.02267872357339744,-0.05507748912435115
柳大洪,-0.028943441487615625,0.039269353745950475
柳燕,0.011065072215187663,0.01120041113449565
桂公公,-0.00956349731819945,-0.015004657802389524
桃叶仙,0.04220629637012205,0.04176854293435982
桃实仙,-0.01000769455729322,0.0534331438617701
桃干仙,0.031879021674352276,-0.016159031542975624
桃枝仙,-0.03219495819913193,0.004215816333497012
桃根仙,-0.016459451955033386,0.01996911894005057
桃红,-0.001278693702170833,-0.01882432316400441
桃花仙,-0.05879399512235728,-0.018332840595964985
桑三娘,-0.026575771801646005,-0.01148226122415111
桑土公,0.013072653820918292,-0.019347516498263835
桑拉巴,0.012247476197522533,-0.03365986599685308
桑昆,0.01880268653611603,-0.01875030477342097
桑结,-0.031157113649584532,0.039742303516841514
桑飞虹,-0.03375260214817204,-0.029251836164949026
梁发,-0.06143789948388181,0.014103001328088031
梁子翁,-0.006582392838253048,0.028115684089896578
梁自进,0.010317209879850056,0.022607342737013755
梁长老,-0.02022162217114926,0.00793537507464933
梅剑,0.022141462774877326,-0.023537997586459174
梅剑和,0.006929308083336279,-0.024598828185377286
梅念笙,0.025234339621746926,0.046392761672162566
梅文馨,-0.03894714313395302,0.0007775602558415063
梅良鸣,-0.0364660889198345,-0.02917178821359206
梅芳姑,0.001540543162722199,-0.04477467353594281
梅超风,0.010811334450944367,-0.06360513838351538
梦姑,-0.009866416086509972,0.0357680018993978
樊一翁,-0.04652153368194589,0.019681689455238013
樊纲,0.012516229637142356,0.014074221374762384
樵子,-0.02732604581176378,-0.014004009331971155
欧阳克,-0.05722667837181682,0.012126615542014703
欧阳公子,0.01833944887937403,-0.02986829658441063
欧阳公政,-0.006658816929477976,0.013160672491446729
止清,-0.019664874583498814,-0.008982277530973354
武三娘,-0.012083205258110295,-0.013627356805451166
武三通,0.0560553712087161,0.08517094632064907
武修文,-0.01770192711703976,-0.01406443431121483
武敦儒,-0.0019371804739696425,-0.05651111796619856
武烈,-0.007924063865105442,-0.014680157239126877
武青婴,0.03790042063778313,-0.06944550857227011
段公子,0.008107755164375502,0.013671212826291947
段天德,0.024769185266732077,0.042943351519468514
段延庆,-0.01765471113314528,-0.018038625127572105
段正明,-0.009692770981002194,-0.049919842248213
段正淳,-0.017350905458789184,0.015896719737787442
段王爷,-0.06433601518678642,-0.01730085387042322
段皇爷,-0.03683728866695142,0.001846510315346759
段老大,-0.08911896172022918,-0.022294718260385767
段誉,0.007395589471910576,0.016040726049964375
殷仲翔,-0.026741344883896855,0.0033504479172396335
殷六侠,-0.02276341423710855,0.007453386798771568
殷吉,-0.008703780599249854,-0.012300636975373218
殷天正,0.007704411744153779,-0.04634128345433507
殷姑娘,-0.04203393891733112,0.0007857826091690684
殷无寿,-0.022542370606024157,-0.030767595665614794
殷无禄,0.062247156382152204,0.0006576827309727092
殷无福,-0.04060570058899778,-0.022352039631129066
殷梨亭,-0.006637281611066966,-0.003172420827402062
殷离,-0.01595655523895464,0.04918051320908938
殷素素,-0.04353736598493198,0.027426835728922083
殷野王,-0.015495005617480843,0.02621179258958297
殷锦,0.0005440638276096362,0.024702157145647583
水云道人,-0.015926498647590673,0.04197840607498542
水岱,0.006038097442960662,0.07404246792709004
水笙,-0.032256578561466624,0.04188620934820332
江南七怪,-0.003043898193668703,0.06620372718588484
汤沛,0.004966375084259651,-0.0008386632353465647
汤祖德,0.024869500798837554,0.012241873033623252
汤若望,0.0005734765699291293,0.005550922784856572
汪万翼,-0.014400678240317502,0.03542947255746188
汪啸风,0.0262020949314952,-0.013778947515668213
汪浩天,0.011836603550604962,0.0911744537232717
汪铁鹗,0.04615658642634832,-0.04703656036911139
沈城,-0.045171502788669354,-0.0009969635660565562
沐剑声,0.040378798485473,-0.006160222643316031
沐剑屏,-0.030163807805061824,-0.006503809461002691
沙老大,-0.021753363358067646,0.00576474903606352
沙通天,-0.022862729642447538,-0.03628493129204123
泉建男,3.510735334376388e-05,0.01778735983029833
波罗星,0.04312562274254395,-0.03882102281165345
洞玄,0.001915367831695216,-0.021753248125742787
洪七公,-0.0020694209656816195,0.006740991520986349
洪凌波,-0.007272775056896705,0.025020671189946338
洪安通,-0.03669632335730897,-0.025636851526113953
洪帮主,0.029938204830367143,0.02677649539585639
洪朝,0.05109606571904506,0.018169788590409738
洪胜海,-0.03304183732226568,-0.026870134423090337
流云使,0.03606794448223218,0.01480218489764614
海兰弼,0.0012296601792646182,-0.03645823814179657
海大富,0.014674277988246328,-0.030483587307078897
渔人,0.005129250073734702,-0.03564805066988102
渡劫,0.010406455336403529,-0.040281020275108326
渡厄,-0.012612294997810945,0.0031822518401100827
渡难,0.05338333483549999,0.05682635259684012
温仁厚,0.010420392887723109,0.015138166357637145
温仪,0.0334941884971506,0.039355611891355606
温南扬,-0.011977993198027274,-0.003480323165008382
温方义,0.011398018595351583,-0.02442252002901973
温方山,0.024202587313978917,-0.005411109903147565
温方悟,0.02133392662167598,-0.013480985821781224
温方施,-0.012109217316502998,-0.00530816299698616
温方达,-0.03378605105346306,0.004041342026638827
温有方,0.007328826261304684,0.030312060499942565
温有道,-0.03091253690992901,-0.03833782048584808
温正,-0.005879418093309226,-0.02353884414694776
温青青,0.006414313439313951,0.0040484647330063395
游坦之,0.017591664018877576,0.004672247228301499
游迅,-0.0028539208979612013,0.005646219548297407
游驹,0.02459078641282735,0.0007984322004310009
游骥,0.008457729309288042,0.017385961279575757
潇湘子,0.02476663987161678,-0.010459913698720166
潘天耕,0.0268606642461505,-0.030806806862690314
潘秀达,-0.020607176486660012,-0.021180285856540734
澄光,0.04421050649357464,0.03165509398597454
澄心,-0.012816109483013932,-0.017465236429414572
澄观,-0.011350518302332949,0.08700837718835458
澄识,-0.04741813604144391,-0.05020297403854651
澄通,-0.003457823730448725,0.005936321210568552
灭绝师太,0.028760447156621825,-0.016558205666189135
灵智上人,-0.01059594944936206,0.058023815810757974
灵虚,0.030317318594414683,-0.012627446567558504
点苍渔隐,0.011039097935139448,0.01680386549146581
焦公礼,0.0024405843301826546,-0.006636602910118148
焦宛儿,-0.010316578974345764,0.0011003044742515882
焦文期,-0.04181165784799331,0.014269539127499063
焦木和尚,0.006649402415060796,-0.04011822062279874
煞神鬼,0.015206858044942638,-0.008338093853849036
照虚,0.009813869381959694,0.05222630820314801
熊元献,-0.022775442538299828,-0.03843491816742372
狄云,-0.035825271646935414,0.059935160995570315
狮王,-0.061024894122136034,0.0469131253475888
玄寂,0.014683143297767895,-0.019586684764104054
玄慈,-0.010244353206590394,0.04634590631308112
玄生,0.021653403199842432,0.008213948852460552
玄痛,0.010231377427401786,0.02100751341210204
玄苦,-0.06093851902928434,0.02170093039429925
玄苦大师,0.006628549896204286,-0.028560489333546123
玄难,0.015625122229583684,-0.02511928992061349
玄难大师,-0.005406398404133067,-0.035879632326032744
玉如意,0.01914818392425352,-0.03453532715792846
玉林,-0.02197579021531298,-0.01568137031139085
玉灵道人,0.040330101025230485,0.025139429706538978
玉玑子,-0.005100232328968691,0.02760343384816791
玉真子,0.04430931068645668,0.017824656275844133
玉磬子,-0.020526268912388373,-0.0001692776252758495
玉钟子,0.02093004035938534,0.028324378681099723
玉音子,0.005587387138875611,-0.0021484670016816278
王万仞,-0.011954239180135173,0.01096770365530001
王二叔,0.035027921229317846,0.00419886895454926
王仲强,-0.01750812153148183,0.015570623689331726
王伯奋,-0.008926104451420037,-0.031610038070466556
王保保,-0.021595361642542703,-0.018240524983796275
王元霸,-0.009868750517681655,-0.01658531948834155
王剑杰,-0.007577000665068739,-0.03090834593933462
王剑英,0.014911776084049628,0.0630415859007545
王十三,0.027842891595037403,-0.008379747443621471
王处一,0.008905958650054158,0.006419422497210904
王夫人,0.005276457443427126,-0.00040685457542196903
王姑娘,0.04840669025427591,0.023507851115909178
王家驹,-0.008926519178293003,0.04087117718553589
王家骏,0.004968466832529895,0.003068543004786706
王志坦,-0.017664438069677362,0.01792916253136818
王惟忠,-0.022355703801644953,-0.0385933871130796
王武通,0.0536651675827594,-0.022014748514169496
王维扬,-0.010457398923541422,0.020978344454199445
王罕,0.046811604903872366,0.04376238269439594
王语嫣,-0.0005900964367161883,-0.03244603313524457
王进宝,-0.014773777381971876,-0.000250166036600599
王道,0.00022918026229143474,-0.010097803859909882
王铁匠,0.004756791670825714,-0.017299417681696988
王难姑,0.09419665881596258,-0.03642670301278291
班淑娴,-0.029167842883476,0.0035231215123271153
琴儿,-0.008108920145531197,-0.03816275208463941
瑞大林,0.007181353829248616,-0.06897707221471691
瑞婆婆,0.00023869414865583606,-0.028843601026941144
瑞栋,0.008871576257600083,-0.003537399080905983
瑞芳,0.06109386078227251,0.020336657730985377
甘宝宝,0.034436193898785654,0.033421467343058564
田伯光,0.007370881868342531,0.011669014515790367
田归农,0.006018405231296311,-0.0380967762610363
田青文,-0.01797614571008696,-0.007471285955999169
申人俊,-0.025838037374241677,-0.02536796962731666
申志凡,-0.05050732185944567,-0.026881592766195415
瘦丐,0.021904119068179444,-0.0192148314842364
瘦商人,0.002760790462892928,-0.06945113369789373
瘦头陀,0.001949077209185838,-0.018348874375581144
白万剑,0.02238235899441149,-0.03663113224010943
白世镜,-0.017458477901634132,-0.03219737363973136
白二,0.033490876478483395,-0.013623297876469083
白寒松,0.01064614362768256,0.006564123429484804
白寒枫,0.0036439709194431595,0.024308372086333237
白振,0.052748882802224256,-0.00904567167167282
白熊,0.018263359515993925,9.15622105360926e-07
白脸人,0.025446128023407903,-0.0030237111566873594
白自在,-0.025724132750785,0.003632665894113111
白龟寿,0.033154959343037256,-0.021747002562020598
百草仙,0.0037820861944201224,0.011903534167168838
皇太后,0.04348979887292606,0.016372932751128482
皇太极,0.02758157543453095,-0.010888172279772403
皇甫阁,-0.019180021237066774,0.001844432235141447
盖一鸣,0.013342795321954802,0.00011833219010517698
盖运聪,0.007871583207523954,0.005397862891786281
相国夫人,-0.020787405499206255,-0.045287997075265714
矮老者,-0.026039333676450033,-0.02465562472235934
石万嗔,0.012149265658574484,0.01990769457588852
石中玉,0.018806800503126955,-0.0033725155041422956
石双英,0.021271921176742453,-0.05083186370805442
石嫂,-0.0035753329486589293,0.026116417902511284
石清,0.008578083087133854,0.014613274099018305
石破天,-0.0011704460033893408,0.028132056762068078
石骏,0.05465758414362044,0.06381014170449616
祁天彪,0.007024038768003092,0.002057874845224741
祁志诚,-0.04233876920173262,-0.02250369803138234
祁清彪,-0.0025938075528692877,-0.029265760292441056
祖千秋,0.0020757861304764058,-0.013455711784864623
祖大寿,0.0275631374055497,0.008947741848198075
祝镖头,0.021528731872356998,-0.014617196543194773
神山上人,-0.008776009063050485,0.04991972399048943
神音,0.04222687973504293,0.011239275597177509
福康安,0.026534956268934422,0.016314541936797763
秃笔翁,0.049021058307656136,-0.028188470794757992
秦栋,0.017985419286117226,-0.00940758314204713
秦红棉,0.006090458783276593,-0.049765995934129316
秦老五,-0.009462217354442876,0.004282928563194944
秦耐之,0.0007701825714873038,0.001569642066656073
程坛主,-0.008095470628243203,0.008346867817062207
程灵素,-0.006652525390852529,-0.020254460527383774
程瑶迦,0.02621030686178763,0.014240812431752283
程维藩,0.04446308486201095,-0.04588089255331295
程青竹,0.06569298738841739,0.012849653503847985
穆人清,-0.0238034836699903,-0.0072122051395754954
穆姑娘,0.023738981145882188,-0.021740237064562178
穆念慈,-0.02161906572625336,0.011057074605168367
穆贵妃,0.02197254388904285,-0.014954922131407214
空性,0.008536118037348198,-0.03483402618451297
空智,0.029612183752997807,0.05109935889848092
空见,-0.019653956577811483,-0.011271332681534279
空闻,0.0448942079457718,-0.013946059661445208
窝阔台,-0.022209105605241176,-0.0004357683889498853
章老三,0.04270426294311269,0.028852038711232555
章进,0.045682481896754265,-0.026430336330861205
童兆和,0.01170166505738685,-0.019093102074033634
童大海,0.0033250336337071426,-0.02205148329916304
童姥,0.0529771471143669,0.013907837513600018
童子,-0.026739217051648417,0.04288789734040593
童怀道,-0.04456722648799576,-0.00014450932466753948
童百熊,0.008511435739417764,0.007875694029356332
端木元,0.019398900862934394,0.03882012900635019
竹剑,-0.03319444150668856,-0.002808176136544637
笑脸鬼,0.03594961993750058,0.0028082085688097744
符敏仪,0.0011207158892708642,-0.009905430596709447
简捷,-0.053399665967401706,0.009339382129835313
简管家,-0.06120381515348697,0.013692105972543733
简长老,0.010119735655113279,0.004755550384273938
米为义,0.05063834526271346,0.03253659711399348
米横野,-0.037739320704492554,-0.037081526473359404
索额图,-0.0022667419832603595,0.06065063821849437
紫衣,-0.023743021751925695,0.02969778957024651
红娘子,-0.033275048259846826,0.0038845250359614515
纪女侠,0.02192056722206788,-0.016297039100067322
纪姑娘,-0.009680607927339194,-0.012749620465733231
纪晓芙,-0.008358251122597962,-0.012535492829296292
绿竹翁,0.03231629393395589,0.001891058580933477
缘根,0.04238926233533478,0.03262772834403131
罗人杰,0.012812014092871601,-0.029910642268153338
罗信,-0.021815866561109214,-0.057515895821464644
罗大千,-0.06688836183188628,0.03000155922001233
罗立如,-0.04298043806295514,-0.021355749023394013
老不死,0.08633435558662575,-0.047778963367642965
老王,0.010570936849649704,0.028205127772346926
老顽童,-0.035010664921882304,-0.0026299381346025163
者勒米,0.038637440969496756,0.017735733942394586
耶律晋,-0.013825684035814113,-0.022057710970591306
耶律楚材,0.008800595815400634,0.018713385426345736
耶律洪基,0.02417400128770448,-0.03158529382457334
耶律燕,-0.0023163926644796376,0.014966892471800197
耶律莫哥,-0.03971273456244703,-0.022024293479048832
耶律齐,0.04475938870873512,0.0535754891525122
耿万钟,-0.05456972675189809,0.04030088303403236
耿天霸,-0.009281224056792657,-0.006363399877875907
聂钺,-0.00022332414171171463,0.03300112193812137
胖丐,0.02055959511883749,-0.005158257120449275
胖商人,-0.005755703736904695,-0.008382887839621883
胖头陀,-0.031425418080316896,0.038689552098092224
胡一刀,0.01452923743164256,0.014499946470138952
胡大侠,0.040587548964586835,0.005759524433252686
胡大哥,-0.025458140960771272,-0.02301763992386489
胡夫人,0.03367516305970021,-0.014853349455498405
胡斐,-0.0001376229968498245,-0.01161319265875594
胡桂南,-0.01065034109528714,0.03673455435689807
胡老三,-0.04543770215394158,0.03746191181584127
胡老爷,-0.011876512050577563,-0.027865993781192252
胡逸之,0.003593174053733202,-0.019877056122618253
胡青牛,-0.0008640916130036265,0.010759820108869488
舒化龙,0.0219884678788618,-0.02016853576444723
花万紫,0.05409396027887511,-0.033975948990263766
花云,-0.014294654523881716,0.012351838246101022
花剑影,-0.028414090164099806,-0.012990954023735993
花铁干,-0.0022348656663962476,-0.022517610342153518
苏习之,0.02252688507865761,0.06778537380832426
苏冈,-0.07068721835784196,-0.07967421312927074
苏星河,0.007454197158364084,-0.024609936125530724
苏普,-0.005226838593456256,0.0044938949328771054
苏荃,-0.01567034252428468,-0.021696418178844476
苏菲亚,0.02528916354546831,0.008701095643138762
苏辙,-0.0271612603825741,-0.04453170021988157
苏鲁克,0.0635382396823658,-0.03959431904071721
苗人凤,-0.006026473735678267,-0.03300841905701954
苗大侠,-0.035756984058845205,0.05593328172095897
苗若兰,-0.008471517192237814,-0.027367197159698806
苟读,-0.003976582737511789,-0.035782995674305415
若克琳,0.060815880672991776,0.04647477196681405
英颚,-0.02330456325072561,-0.03275496591530012
范一飞,-0.03462901925604043,0.04470911467025005
范中恩,-0.018464143155657274,0.005151180396089209
范帮主,-0.016261009625333014,0.044957032928828675
范文程,0.011483092900129848,0.006364801093222152
范百龄,-0.005314315037775737,-0.07936724753584352
范蠡,-0.010467176449744597,-0.006880401007449573
范遥,-0.0027002727302103064,0.02362747803803834
范骅,-0.051163246875580624,-0.03803535464465658
茅十八,-0.034666737292782294,-0.009269085715833176
荣彩,0.002061316896789466,-0.01991182083866459
莫七侠,0.026920113684819915,0.018087954439601685
莫声谷,0.014946706627506221,-0.0397985203024397
莫大,-0.008538902458483833,-0.05179581236338766
菊剑,0.04964115922208037,-0.00770546593930586
菊友,0.020951860026452572,0.00010428646962457264
菊芳,0.012933648541702843,-0.025079872112911926
萧半和,-0.01313700924534114,-0.0019953813174951917
萧峰,0.025751364513725186,-0.00929324677248441
萧居士,-0.043886672773975594,0.010862491310788808
萧远山,-0.002253122903163274,0.05727706154080919
萨多,-0.009998133188613291,0.02252008349419747
葛光佩,-0.009458859679575446,-0.014537859524858168
葛尔丹,0.014290798134455041,0.09050733735296719
董开山,0.020439663637553153,-0.037884379235544316
蒋四根,-0.002185239072440219,-0.016354672458409634
蒋天寿,0.011938700166356559,-0.010614256746341888
蒋涛,-0.026076233411071757,0.013283445934721179
蒋调侯,0.021173445123372835,0.0001366022155273849
蒙哥,0.024272179780843964,-0.022547523564337535
蓝凤凰,0.06642592286207999,0.018236362905135917
蓝秦,-0.028193495672571844,0.018571679316217053
蔡威,0.02202857550787032,-0.01797075420917453
蔡德忠,-0.007437992359809663,-0.019153233058306605
薛公远,0.020570382951372836,0.009069339592278299
薛慕华,-0.05035823056595006,0.013538269191305758
薛鹊,-0.00488511345253083,-0.006588278982483663
藏边五丑,-0.0020546355659302957,-0.017388883104023083
虚竹,0.018704928543651276,-0.005467946414740712
蛇皮张,-0.038151901889794816,0.022768332814971436
血刀老祖,-0.0478584723475106,0.04087601126196831
行痴,0.021536497768108405,-0.04942516511001678
行颠,-0.0026521993024282427,-0.02593271888802311
补锅匠,-0.012857153906792308,0.002024516389161302
袁冠南,0.034950705393295985,0.013243138101311497
袁士霄,-0.003206219774070312,0.02824412992529182
袁夫人,-0.020492938077685086,-0.046575970681177734
袁承志,-0.0074319072726457625,0.02009874423438436
袁枚,0.03776600123815199,-0.0419149266907179
袁紫衣,0.003330450456757847,0.04950069004679482
裘千丈,-0.020795504681053678,0.04286275907025456
裘千仞,-0.023544556193884708,0.045054426082928534
裘千尺,0.016349510817660527,-0.025056283137404028
褚万里,0.005387597900405441,0.015109622880564527
褚圆,-0.05039868348257274,0.029052180283105716
西华子,0.020408755064054353,0.009771470336390515
西施,0.04873523866308151,-0.03526268547918029
西狂,0.009003979844579929,0.022289745581471735
覃天丞,0.006512912765742951,0.0034266773565983116
觉远,-0.05009388719927035,-0.026363422223917795
觉远大师,-0.020339366964162674,0.030811045090743238
解文豹,-0.026889514274488952,-0.04115006943882908
言伯乾,-0.030121304063286763,0.009213599441686697
言达平,0.044380252799011415,0.0019168326079627498
詹春,0.03744473602930204,-0.03081287862967845
许卓诚,0.01147918428790593,-0.03032965835798122
许雪亭,-0.023442857834608293,-0.05666686009491951
说不得,0.03333823119303464,-0.009311378234045958
诸保昆,0.05023832860388,-0.031964790276072054
谢烟客,-0.03919481146575017,-0.018622544425035848
谢逊,-0.0010699910499306097,-0.005241514343052699
谭公,-0.047468219358009336,-0.016173883848916628
谭处端,-0.013065761329377165,0.01613232366030462
谭婆,0.010244860986418915,0.013849367259569324
谭迪人,0.018855898949752484,-0.010124835940674119
谭青,0.0021004440415603167,-0.04225780001978811
贝人龙,0.029245775452998998,0.05108565246181351
贝海石,0.006171184563465499,0.039133768189681374
贝锦仪,0.020370220428654277,-0.003329109863067935
费要多罗,-0.0036860908924656616,-0.05775355195527575
贺老三,0.020654554876159612,-0.014116506851856517
贾老六,0.0020043913114729376,-0.0074729185406051
贾老者,0.04557854624572457,-0.008475834167640821
赛总管,-0.012446381883363075,-0.006714938036082315
赤老温,-0.022020722920580944,-0.01837529927434785
赫连铁树,-0.03164664568465169,0.03905431520092926
赵半山,-0.013369067777597407,-0.026544789306490964
赵志敬,0.020576809973452886,-0.012894595576764105
赵敏,-0.0008513701869740497,-0.0499080741545077
赵良栋,-0.01961902241553967,0.02754485370535736
赵钱孙,-0.017804487047036483,0.02220342845013954
赵齐贤,0.013753630003217101,-0.013128774925824238
路副将,-0.09417018159390907,0.04747767591023548
车尔库,0.03299034303359073,0.01009264680015375
辉月使,0.07508400238384925,-0.01222308040706767
辛双清,0.0642394879476978,-0.0012656501245544521
辛国梁,-0.06051560553198825,-0.0019080225184760317
辛然,-0.030665147751459294,-0.007006435741505032
达尔巴,0.012823884033528032,-0.07157004185324427
过三拳,0.01870301350258731,0.012824501084213506
过儿,-0.05277239367684304,0.06507224475447436
过彦之,-0.08828425772970458,-0.02704140137062476
迟玄,0.04927190674802212,-0.014682015553388671
逍遥子,-0.08328810472770908,-0.01254957673268251
邓愈,0.028376240626821186,-0.055246039468376314
邓炳春,-0.0012576242568556628,0.01242638182636817
邓百川,-0.01966194174378643,-0.027435679012545344
邝天雄,-0.01430021525115957,-0.032934165433092556
邵鹤,0.02088386749197933,0.014320993994206731
郁光标,-0.03146771455364317,-0.031007284112379595
郑三娘,-0.017457684989598606,-0.007182039598394589
郑克爽,-0.08213551882420159,0.03534149275095004
郑萼,-0.006236551834548919,-0.038479105826817274
郑起云,-0.01657939295030556,0.007230302267029227
郑镖头,-0.06917099101641067,-0.014953239969585932
郑长老,-0.044340510511892,0.0009336037693821631
郝大通,-0.03320484021539079,-0.06277383817246385
郭啸天,-0.002370737240545355,-0.0026421955296990042
郭大侠,0.03149310245253869,0.023812156584827486
郭女侠,-0.01660538293052364,0.02046370513491995
郭玉堂,-0.01658839540613032,0.027506559848069892
郭破虏,0.012148928166833307,0.07627546888221798
郭襄,-0.0019905595644186115,0.019940667317912567
郭靖,0.05835371087724892,-0.022060326460631975
都大锦,0.016647748075078687,0.021070494811493028
鄂尔多,-0.05215139793617075,-0.008106008575789931
金花婆婆,-0.04456988198591926,-0.005259569932761081
金轮法王,-0.0251787024812478,-0.02584337219927491
钟万仇,-0.010932661176854142,-0.020272454342728
钟志灵,-0.003931530284285307,0.006221822531946371
钟灵,0.038069607415143654,-0.040180749124638364
钟镇,0.018386956839360074,-0.04909051805345775
钱二败,0.0363108819503088,0.07736756035963825
钱正伦,-0.04258858723183908,-0.05357451284821513
钱老本,-0.03484900288820386,0.051600386527866
钱通四,-0.0007543869253602017,-0.0034526129863105943
钱青健,0.019207238476325945,-0.011131993025550168
铁冠道人,-0.047206511641997254,-0.03869947867459873
铁木真,0.022929363865515074,0.008525171673414468
长青子,0.0029191360087934856,-0.002886745491568693
闵子华,0.06409154292323792,-0.014471038641361596
闵柔,-0.022948089140381097,-0.016857139577049405
闻万夫,-0.025430733784661964,-0.00869500695875945
闻先生,-0.007514125023627493,-0.013031506307672164
阎世章,0.06234678486960042,-0.0571560440449903
阎世魁,0.005409488122409387,-0.040689672130891565
阎基,-0.0249797077251184,-0.004893971074014011
阮星竹,0.01470905690693113,0.0007060706420778358
阳顶天,-0.03543465999011512,0.019398970976440832
阿三,0.06056460791199721,0.00626065103596726
阿九,0.0007273756138324313,-0.008776218411821267
阿二,-0.005963531213711085,-0.0257061628984672
阿曼,-0.00790979905692497,0.02076617411937694
阿朱,-0.005042671485372493,-0.01277470153475566
阿根,0.04340279815803015,0.030891385061769746
阿济赤,-0.00873896875212857,0.023940624030541004
阿牛哥,-0.00978399501433809,-0.0569182068368791
阿碧,-0.019240207678675354,-0.044498015923769625
阿离,-0.015693685956775033,0.004778318974839521
阿紫,-0.008504893462752327,0.00820781005098014
阿里,-0.011823635401280414,0.011712863167701527
阿青,0.006314476985479033,-0.024155153170324253
陆乘风,0.005536011123850371,0.07032266775152617
陆二娘,0.002007462894943164,-0.03366372281188607
陆冠英,-0.012514370360703634,0.013087354681048506
陆大有,0.03615867670886193,-0.018292341633549102
陆天抒,0.006325438050457232,0.005815122338574703
陆无双,-0.025324540570155388,0.01964136672612014
陆菲青,-0.06692315591028024,-0.010728519420207246
陆高轩,-0.013763925754960021,0.0016805167398285979
陈七,-0.008122170314173748,0.03883648857363966
陈冲之,0.015259729519335937,0.04176408018224003
陈友谅,0.008516892560413237,0.0010062606431445922
陈圆圆,-0.032654852347448096,0.0081497127627445
陈大方,-0.04990250789464955,0.005441011960660299
陈孤雁,-0.00821115244493119,-0.01037298709945561
陈家洛,0.026916615744777415,0.032056508104671054
陈正德,-0.012018029933044419,-0.009041213608184604
陈玄风,-0.05020231622842391,0.014978183582360687
陈禹,-0.010963230972573618,-0.0008004503157917996
陈达海,-0.0065921508545024295,-0.003259724209729203
陈近南,0.008018150086170135,0.04156262500385967
陈高波,0.023483080968615427,-0.0036396386483228517
陶子安,0.015487061301375627,0.023038193902679204
陶百岁,0.003436898787995453,-0.05085612657922183
陶红英,-0.013333386066037557,-0.03770291091246556
雪山飞狐,-0.002025024283425714,-0.028237057108649193
雷一啸,-0.053721428371258345,0.0053978590886276994
霍元龙,0.027695525393132202,0.04604371366398107
霍都,-0.005448828609842647,0.022417495004484915
霍都王子,0.03094261525515938,0.05140269454122331
霍阿伊,0.0022826296463003665,0.0029893841318321527
霍青桐,-0.004717231732957317,0.07120213589535873
青灵子,0.015097931081213744,-0.0224475115375419
静慧,0.007956244937314519,-0.026285451026614334
静照,-0.0701409928054135,0.0280680832682071
静玄师太,0.019451212473908488,-0.009585177897861754
静空,-0.0036368493158188426,0.02330775033424021
静虚师太,-0.0034852198224038784,-0.02912016317169136
静迦,0.003480654828405392,0.015281188974962008
韦一笑,-0.03845004756837744,-0.06053694911217393
韦小宝,-0.023272876205247605,0.015740760158343525
韦爵爷,-0.03229062410376307,0.0008816988210174015
韦香主,0.03561638503473821,-0.005038508794305569
韩千叶,-0.04732399667079016,-0.007934155105862718
韩宝驹,-0.023975160882455958,-0.04497835616086448
韩小莹,0.018078200843470563,0.035687252276177354
韩文冲,-0.006067570992774649,-0.0348654461980212
韩春霖,-0.015578358440153801,0.02919168484927154
韩林儿,-0.0007002348667219174,0.038966852071811484
顾炎武,0.00988745498475335,-0.004940045029838604
顾金标,0.007375050789301281,-0.05094477743025811
风波恶,0.03015720754565963,-0.0408389200220212
风清扬,0.029696151383694684,0.00449623681366823
风良,-0.004219298114875117,0.05972700622984699
风际中,-0.00986661421626694,0.06672666631589104
马五德,-0.01993764658649311,-0.0033624977983015463
马佑,-0.02732836438201472,0.02095721550463716
马光佐,-0.009888766709808552,0.003415814060152694
马公子,-0.015355756664679239,-0.013801593369515926
马博仁,0.030169393585802718,-0.01984030691921984
马善均,0.0031300284172569902,-0.05089951193227975
马大挺,0.0021379870459779004,0.005030072861571446
马大鸣,0.015854201596474018,0.033148095217840096
马夫人,-0.0026034700961265135,-0.0222014840648144
马宝,0.018347300355807658,0.0018382593263275425
马家骏,-0.0370537342874602,0.03718382178203108
马敬侠,-0.01937505363107556,0.01924744793195748
马春花,-0.04501620085052715,-0.02701632309408422
马法通,-0.004140664830267202,-0.020401645337186202
马真,-0.006071847941134942,0.019373291091729677
马行空,-0.0009217807500003735,-0.053466351833107384
马超兴,-0.014289168232436918,-0.001233675625128983
骆冰,0.06840738288178042,0.0028246458333575477
高三娘子,-0.048153500719473295,0.009325590986789062
高则成,0.04456346286525717,-0.023702653393894196
高老者,-0.01321292460509927,-0.037859909179155174
高里津,0.01643879716974424,-0.07405834840186847
鲁坤,-0.009751559186405447,0.009237867073709298
鲁帮主,-0.02106293217497271,0.0044980455367104495
鲁有脚,0.025259897093650008,0.007026819438006194
鲁连荣,0.010922431438901753,0.020897664158549004
鲍千灵,-0.002619023704468217,0.024440367053623072
鲍大楚,-0.003358958895335706,-0.014231686596421982
鲍承先,0.024916298331293232,0.006791233581202855
鲜于通,-0.030379544299171345,-0.005878267852397748
鳌拜,0.021258746884056386,-0.053458685726449885
鸠摩智,0.0029525552164394123,-0.00036348699127638205
鹤笔翁,0.04406416235250851,-0.010974527995808014
鹰王,0.033709881799948535,-0.0009753416075789977
鹿杖客,0.023065054154468505,-0.01318844507586122
鹿清笃,-0.019664436214805004,-0.0037428647210237132
麦少帮主,0.02331390624484515,0.06607650148850412
麦鲸,0.007867497463037987,0.028992007595247386
麻衣汉子,0.008887061556777156,0.021757014826251073
黄二毛子,0.017540887583821406,-0.005471412512079062
黄宗羲,0.0071890935528255906,0.01181138635177359
黄希节,0.017491372342044405,0.012525599272490032
黄帮主,0.016109905769621586,-0.012544099651852093
黄真,-0.00570725600374264,-0.01825746379975135
黄老邪,0.048265170838425346,0.0569753068601235
黄药师,0.01690985001346547,-0.018531256331224825
黄蓉,-0.031230036413892704,-0.034478853011505085
黄须人,0.07386295757816834,0.04509360528447185
黎刚,0.023230257645863894,-0.022281698520371252
黎夫人,0.032067998273120214,-0.03224790876161944
黎生,0.02945511709605452,-0.06275794305605371
齐云,-0.024615369380023205,-0.032886310360573934
齐伯涛,-0.01176441191631783,-0.009423959679061912
齐元凯,0.01405779127345438,-0.04116591856062497
齐洛诺夫,0.02115639865884883,-0.021470935638368677
齐自勉,0.01727407157403295,0.04580353302661866
龙儿,-0.0037019618821209463,-0.019045007752130447
龙德邻,0.022061356531292035,-0.0037657257199773643
龙骏,-0.016537294501848307,-0.0351137120803533
龚光杰,0.006114411904137095,0.050198168367215676
